Position,Force,Speed
-3.661999941,0.579999983,-7.570000172
-30.02899933,3.319999933,0.230000004
-29.0529995,3.650000095,-0.059999999
30.02899933,7.739999771,-0.720000029
29.0529995,15.73999977,1.559999943
-31.98200035,13,2.029999971
-90.81900024,6.550000191,2.160000086
-156.2489929,4.369999886,4.650000095
-217.2839966,3.299999952,6.429999828
-274.1690063,2.549999952,7.989999771
-342.0400085,1.909999967,9.659999847
-393.5539856,1.440000057,10.92000008
-450.1940002,1.139999986,11.92000008
-515.1359863,0.680000007,12.35999966
-571.776001,0.430000007,13.06999969
-630.6140137,0.150000006,13.64000034
-699.7059937,-0.159999996,13.55000019
-753.1729736,-0.419999987,13.48999977
-817.6259766,-0.689999998,13.28999996
-872.5579834,-0.879999995,13.53999996
-942.6259766,-1.00999999,13.72000027
-993.651001,-1.129999995,13.18000031
-1050.047974,-1.309999943,12.47999954
-1116.942017,-1.49000001,11.73999977
-1175.047974,-1.639999986,10.69999981
-1236.083008,-1.75999999,9.68999958
-1292.234985,-1.929999948,8.720000267
-1354.734985,-2.039999962,8.340000153
-1414.793945,-2.130000114,8.529999733
-1473.631958,-2.200000048,7.670000076
-1534.911011,-2.279999971,7.210000038
-1595.946045,-2.349999905,6.880000114
-1653.074951,-2.380000114,6.420000076
-1710.203979,-2.430000067,5.53000021
-1771.239014,-2.50999999,5.210000038
-1833.494995,-2.549999952,4.230000019
-1829.833008,-2.599999905,-1.970000029
-1766.112061,-2.569999933,-4.170000076
-1703.124023,-2.630000114,-5.650000095
-1644.774048,-2.630000114,-6.639999866
-1586.668945,-2.609999895,-7.610000134
-1522.947998,-2.619999886,-8.390000343
-1469.480957,-2.630000114,-8.609999657
-1401.854004,-2.589999914,-9.279999733
-1348.631958,-2.640000105,-9.659999847
-1289.062012,-2.609999895,-9.789999962
-1221.435059,-2.660000086,-9.760000229
-1163.328979,-2.619999886,-9.819999695
-1098.387939,-2.670000076,-10.35000038
-1043.699951,-2.609999895,-10.51000023
-985.1060181,-2.619999886,-10.03999996
-922.8510132,-2.599999905,-10.32999992
-860.8389893,-2.680000067,-11.14000034
-808.1040039,-2.630000114,-10.78999996
-748.289978,-2.660000086,-10.5
-686.5219727,-2.609999895,-10.34000015
-625.4869995,-2.609999895,-10.35000038
-560.5460205,-2.630000114,-10.68999958
-507.8120117,-2.670000076,-10.39999962
-445.5559998,-2.609999895,-9.720000267
-386.230011,-2.609999895,-9.960000038
-329.8330078,-2.599999905,-9.479999542
-267.0889893,-2.650000095,-8.5
-209.4720001,-2.619999886,-7.71999979
-143.3099976,-2.660000086,-6.920000076
-88.3789978,-2.640000105,-6.539999962
-90.33100128,-2.380000114,0.689999998
-150.878006,-2.470000029,2.549999952
-212.401001,-2.579999924,3.390000105
-270.5069885,-2.619999886,4.079999924
-334.9599915,-2.599999905,5.21999979
-395.5069885,-2.640000105,6.269999981
-456.7860107,-2.619999886,7.099999905
-514.8920288,-2.680000067,7.71999979
-580.3209839,-2.690000057,8.640000343
-639.4030151,-2.680000067,9.220000267
-696.2880249,-2.660000086,9.329999924
-752.6849976,-2.660000086,9.430000305
-811.0339966,-2.730000019,9.489999771
-872.5579834,-2.670000076,9.960000038
-937.742981,-2.650000095,10.30000019
-997.802002,-2.710000038,10.05000019
-1054.197998,-2.720000029,9.890000343
-1114.500977,-2.720000029,9.869999886
-1175.047974,-2.700000048,9.199999809
-1232.665039,-2.680000067,8.630000114
-1294.187988,-2.660000086,8.130000114
-1353.515015,-2.75,7.679999828
-1413.817017,-2.710000038,7.679999828
-1471.189941,-2.74000001,6.539999962
-1530.760986,-2.720000029,5.070000172
-1590.331055,-2.720000029,3.549999952
-1588.865967,-2.890000105,-1.480000019
-1528.562988,-2.869999886,-2.329999924
-1469.480957,-2.940000057,-1.25
-1470.702026,-3.869999886,0.330000013
-1531.005005,-4.130000114,2.309999943
-1592.527954,-4.179999828,3.349999905
-1653.074951,-4.289999962,3.690000057
-1710.203979,-4.269999981,3.869999886
-1770.994995,-4.400000095,4.230000019
-1830.564941,-4.420000076,4.650000095
-1892.821045,-4.400000095,4.940000057
-1952.391968,-4.440000057,4.440000057
-2012.69397,-4.440000057,3.450000048
-2070.800049,-4.460000038,2.279999971
-2069.334961,-4.519999981,-0.800000012
-2009.031982,-4.550000191,-2.130000114
-1949.218018,-4.489999771,-2.5
-1888.915039,-4.670000076,-2.130000114
-1829.344971,-5.420000076,-0.629999995
-1769.286011,-6.199999809,-1.700000048
-1709.959961,-6.190000057,-2.630000114
-1648.925049,-6.260000229,-3.210000038
-1588.134033,-6.230000019,-3.769999981
-1529.052002,-6.239999771,-4.130000114
-1469.480957,-6.25,-3.390000105
-1407.469971,-6.199999809,-3.190000057
-1346.435059,-6.269999981,-3.730000019
-1289.30603,-6.21999979,-3.720000029
-1228.759033,-6.21999979,-3.630000114
-1168.699951,-6.190000057,-3.200000048
-1108.641968,-6.099999905,-2.660000086
-1047.362061,-5.989999771,-2.00999999
-988.2800293,-5.820000172,-1.960000038
-929.6870117,-5.46999979,-1.789999962
-867.9190063,-5.119999886,-1.620000005
-809.5689697,-5,-2.049999952
-748.7780151,-4.960000038,-1.730000019
-687.9869995,-4.96999979,-2.799999952
-629.3939819,-4.989999771,-3.809999943
-566.6489868,-4.960000038,-4.760000229
-505.8580017,-4.949999809,-5.110000134
-449.9500122,-4.929999828,-5.199999809
-384.7650146,-4.900000095,-5.949999809
-323.4849854,-4.96999979,-6.420000076
-265.6239929,-4.949999809,-6.449999809
-204.1009979,-4.920000076,-6.739999771
-146.4830017,-4.889999866,-7.03000021
-85.4489975,-4.980000019,-7.110000134
-90.33100128,-3.329999924,0.889999986
-152.5870056,-3.460000038,3.390000105
-214.8430023,-3.480000019,5.090000153
-276.855011,-3.569999933,6.239999771
-330.5650024,-3.589999914,7.039999962
-396.2390137,-3.630000114,7.710000038
-453.1239929,-3.730000019,7.909999847
-510.4970093,-3.690000057,8.039999962
-570.3120117,-3.700000048,8.510000229
-636.9619751,-3.769999981,8.920000076
-690.6729736,-3.789999962,8.899999619
-753.6610107,-3.789999962,9.069999695
-819.5789795,-3.779999971,9.270000458
-871.0930176,-3.75999999,9.800000191
-936.7670288,-3.74000001,10.25
-996.8250122,-3.819999933,10.03999996
-1052.978027,-3.779999971,9.779999733
-1111.083008,-3.799999952,9.699999809
-1171.874023,-3.769999981,9.069999695
-1236.571045,-3.769999981,8.550000191
-1291.990967,-3.769999981,8.260000229
-1353.270996,-3.809999943,7.949999809
-1410.887939,-3.829999924,8.159999847
-1473.387939,-3.779999971,7.21999979
-1530.516968,-3.789999962,6.239999771
-1592.771973,-3.839999914,5.320000172
-1650.145996,-3.829999924,2.819999933
-1649.412964,-3.75999999,-0.340000004
-1585.447998,-3.75999999,-3.440000057
-1524.901001,-3.799999952,-5.269999981
-1468.993042,-3.789999962,-6.289999962
-1408.202026,-3.839999914,-7.070000172
-1349.853027,-3.769999981,-7.739999771
-1286.375977,-3.789999962,-7.699999809
-1224.364014,-3.839999914,-7.21999979
-1168.699951,-3.779999971,-6.5
-1109.618042,-3.819999933,-5.639999866
-1047.605957,-3.789999962,-4.25
-1052.244995,-3.789999962,2.319999933
-1111.327026,-3.799999952,3.49000001
-1170.409058,-3.779999971,3.329999924
-1231.199951,-3.819999933,2.019999981
-1229.979004,-3.430000067,-1.460000038
-1169.677002,-3.400000095,-3.210000038
-1105.223999,-3.410000086,-4.400000095
-1044.921021,-3.440000057,-5.190000057
-986.5709839,-3.410000086,-5.179999828
-924.3150024,-3.450000048,-5.71999979
-863.5239868,-3.470000029,-6.730000019
-807.8599854,-3.410000086,-6.789999962
-749.0219727,-3.460000038,-6.789999962
-683.348999,-3.430000067,-7.099999905
-622.802002,-3.420000076,-7.429999828
-566.4050293,-3.420000076,-7.739999771
-509.7650146,-3.470000029,-7.860000134
-445.3120117,-3.410000086,-7.389999866
-382.07901,-3.410000086,-7.889999866
-323.973999,-3.440000057,-7.989999771
-263.67099,-3.460000038,-7.71999979
-209.9600067,-3.430000067,-7.75
-142.5769958,-3.440000057,-8.359999657
-83.98400116,-3.440000057,-9.210000038
-29.54100037,-1.360000014,-0.930000007
30.02899933,4.010000229,-0.610000014
90.33200073,13.57999992,-0.970000029
150.8789978,15.71000004,-1.529999971
210.2050018,19.61000061,-0.649999976
270.5079956,23.42000008,-0.409999996
330.0780029,25.12999916,-0.50999999
329.3460083,25.90999985,0.610000014
269.5310059,17.98999977,0.800000012
209.4730072,5.340000153,0.730000019
148.9259949,0.930000007,2.109999895
87.64600372,-1.659999967,2.779999971
29.78499985,-3.470000029,3.25999999
-31.00600052,-4.619999886,4.909999847
-93.50499725,-5.25,6.690000057
-157.2259979,-5.840000153,8.020000458
-219.2369995,-6.25,9.109999657
-278.3190002,-6.5,10.43999958
-332.7630005,-6.730000019,11.61999989
-395.9949951,-6.989999771,13.22000027
-450.927002,-7.150000095,14.34000015
-516.8449707,-7.340000153,15.06999969
-570.5560303,-7.46999979,16.29000092
-631.3469849,-7.579999924,17.17000008
-690.6729736,-7.75,17.90999985
-752.1959839,-7.809999943,18.61000061
-816.1610107,-7.949999809,19.53000069
-889.1589966,-8.069999695,20.92000008
-939.2080078,-8.130000114,21.55999947
-1009.031982,-8.220000267,21.82999992
-1057.371948,-8.239999771,22.79000092
-1112.303955,-8.229999542,23.5
-1188.963989,-8.300000191,23.90999985
-1240.478027,-8.359999657,24.29999924
-1293.699951,-8.420000076,24.69000053
-1376.219971,-8.409999847,25.94000053
-1438.475952,-8.43999958,26.56999969
-1494.384033,-8.43999958,26.36000061
-1548.827026,-8.539999962,27.29999924
-1610.838989,-8.479999542,27.72999954
-1668.212036,-8.510000229,27.81999969
-1725.340942,-8.569999695,28.09000015
-1785.399048,-8.56000042,28.46999931
-1849.608032,-8.619999886,29.73999977
-1922.362061,-8.640000343,30.59000015
-1955.564941,-8.619999886,30.87999916
-2021.728027,-8.670000076,31.10000038
-2090.574951,-8.659999847,31.85000038
-2156.004883,-8.640000343,31.73999977
-2217.528076,-8.710000038,31.60000038
-2279.540039,-8.680000305,31.64999962
-2312.254883,-8.670000076,31.80999947
-2382.079102,-8.720000267,32.72999954
-2454.344971,-8.680000305,33.04999924
-2519.530029,-8.68999958,33.04000092
-2553.954102,-8.770000458,33.54000092
-2628.416992,-8.720000267,33.65999985
-2694.579102,-8.760000229,33.59999847
-2760.985107,-8.779999733,33.63999939
-2795.165039,-8.739999771,33.58000183
-2863.280029,-8.739999771,34.15000153
-2940.916992,-8.75,34.81999969
-2977.293945,-8.819999695,34.47999954
-3040.770996,-8.819999695,34.72999954
-3115.966064,-8.779999733,34.81999969
-3150.389893,-8.800000191,34.66999817
-3217.283936,-8.789999962,34.47999954
-3284.910889,-8.779999733,34.59000015
-3361.083008,-8.81000042,35.61999893
-3401.365967,-8.819999695,36.18999863
-3480.468018,-8.829999924,36.5
-3518.798096,-8.800000191,36.70000076
-3597.410889,-8.819999695,37.11000061
-3635.49707,-8.800000191,37.27999878
-3710.691895,-8.800000191,37.06000137
-3784.178955,-8.850000381,37.36999893
-3823.729004,-8.859999657,37.91999817
-3910.398926,-8.829999924,38.84999847
-3953.124023,-8.819999695,39.00999832
-3993.650879,-8.840000153,39.27000046
-4079.589111,-8.850000381,40.18000031
-4124.021973,-8.859999657,40.22999954
-4204.588867,-8.850000381,40.22999954
-4245.116211,-8.869999886,40.38000107
-4328.855957,-8.829999924,40.81999969
-4372.312988,-8.840000153,41.22999954
-4417.479004,-8.890000343,41.66999817
-4504.881836,-8.899999619,41.65999985
-4546.629883,-8.899999619,41.90000153
-4590.818848,-8.899999619,41.88999939
-4674.070801,-8.909999847,41.47999954
-4711.913086,-8.909999847,41.20999908
-4788.329102,-8.869999886,40.75
-4870.359863,-8.930000305,41.22999954
-4914.306152,-8.930000305,41.5
-4958.495117,-8.850000381,41.40999985
-5038.329102,-8.850000381,41.29999924
-5080.320801,-8.930000305,41.34000015
-5163.573242,-8.869999886,41.09999847
-5202.146973,-8.909999847,40.93999863
-5281.980957,-8.869999886,40.77999878
-5321.532227,-8.930000305,40.84999847
-5406.980957,-8.859999657,41.52999878
-5452.146973,-8.880000114,41.36000061
-5491.941895,-8.899999619,41.13999939
-5576.415039,-8.899999619,41.65999985
-5619.140137,-8.930000305,41.66999817
-5698.974121,-8.949999809,40.99000168
-5736.570801,-8.93999958,41.04999924
-5818.603027,-8.949999809,41.38000107
-5863.523926,-8.93999958,41.81000137
-5954.588867,-8.899999619,42.20000076
-5997.558105,-8.880000114,42.43999863
-6042.234863,-8.920000076,42.88000107
-6134.520996,-8.93999958,43.00999832
-6176.513184,-8.909999847,42.65999985
-6215.818848,-8.880000114,42.49000168
-6299.070801,-8.909999847,42.45000076
-6341.062988,-8.960000038,42.81000137
-6434.081055,-8.880000114,43.16999817
-6477.049805,-8.920000076,43.06999969
-6519.041992,-8.909999847,43.09999847
-6606.443848,-8.93999958,42.93999863
-6646.972168,-8.930000305,42.63999939
-6726.073242,-8.93999958,42.06999969
-6765.624023,-8.899999619,41.86000061
-6845.702148,-8.909999847,41.84999847
-6888.670898,-8.920000076,42.40999985
-6936.521973,-8.890000343,42.47999954
-7020.019043,-8.960000038,42.15000153
-7060.790039,-8.920000076,42.36999893
-7146.23877,-8.93999958,41.81999969
-7184.081055,-8.899999619,41.49000168
-7259.76416,-8.899999619,40.81999969
-7297.850098,-8.93999958,40.77000046
-7380.85791,-8.899999619,41.25
-7424.803223,-8.930000305,41.20000076
-7504.148926,-8.909999847,40.88999939
-7544.432129,-8.909999847,41
-7627.439941,-8.909999847,40.81999969
-7666.501953,-8.920000076,40.59000015
-7743.407227,-8.930000305,40.38999939
-7783.689941,-8.970000267,40.61999893
-7871.091797,-8.979999542,41.52000046
-7917.479004,-8.979999542,41.77999878
-7961.667969,-8.970000267,41.79999924
-8046.384766,-8.949999809,42.20999908
-8091.550781,-8.899999619,42.43999863
-8136.229004,-8.930000305,42.38000107
-8217.28418,-8.960000038,41.95000076
-8257.811523,-8.949999809,41.90999985
-8339.842773,-8.979999542,41.88999939
-8382.811523,-8.979999542,42.25
-8472.411133,-8.930000305,42.45000076
-8515.135742,-8.930000305,42.29000092
-8555.907227,-8.909999847,42.41999817
-8640.135742,-8.899999619,42.09999847
-8680.907227,-8.920000076,41.75
-8757.323242,-8.979999542,41.02000046
-8794.432617,-8.970000267,40.88000107
-8876.219727,-8.899999619,40.95000076
-8916.50293,-8.930000305,41.04999924
-8999.266602,-8.920000076,41
-9040.038086,-8.949999809,40.75999832
-9118.407227,-8.920000076,40.43000031
-9156.249023,-8.920000076,40
-9227.049805,-8.949999809,39.16999817
-9299.803711,-8.979999542,38.99000168
-9338.866211,-8.979999542,39.24000168
-9420.40918,-8.989999771,39.68000031
-9463.62207,-8.970000267,39.58000183
-9539.549805,-8.960000038,39.56000137
-9580.80957,-8.970000267,39.50999832
-9656.737305,-8.909999847,38.81999969
-9691.405273,-8.93999958,38.5
-9762.694336,-8.970000267,38.20000076
-9838.62207,-8.930000305,38.61000061
-9881.102539,-8.930000305,38.70999908
-9959.227539,-8.949999809,38.68999863
-9997.801758,-8.989999771,38.54000092
-10075.19434,-8.960000038,38.65000153
-10113.28027,-8.979999542,38.63999939
-10186.03418,-8.960000038,37.91999817
-10256.10254,-8.970000267,37.43000031
-10291.25879,-8.960000038,37.31000137
-10365.2334,-8.970000267,37.36999893
-10442.38184,-8.930000305,37.43000031
-10478.27148,-8.960000038,37.15000153
-10547.11816,-8.899999619,37.06999969
-10622.06836,-8.960000038,36.59000015
-10654.7832,-8.909999847,36.18000031
-10718.25977,-8.93999958,35.40999985
-10783.20117,-8.989999771,34.77000046
-10847.6543,-8.970000267,34.47999954
-10916.01367,-8.970000267,34.79999924
-10953.12305,-8.960000038,34.54000092
-11016.84375,-8.949999809,33.86000061
-11081.54102,-8.960000038,33.90999985
-11144.77344,-8.989999771,33.18000031
-11201.6582,-8.930000305,32.11999893
-11256.10156,-8.93999958,31.11000061
-11311.0332,-8.960000038,30.61000061
-11397.21484,-8.989999771,30.51000023
-11458.25,-8.960000038,30
-11510.74023,-8.930000305,29.53000069
-11566.16016,-8.979999542,29.23999977
-11620.35938,-8.899999619,28.56999969
-11671.62891,-8.920000076,27.90999985
-11742.91797,-8.960000038,26.93000031
-11791.50195,-8.93999958,26.60000038
-11870.11523,-8.899999619,26.54000092
-11923.58203,-8.909999847,26.51000023
-11976.80469,-8.93999958,26.38999939
-12051.02344,-8.989999771,26.17000008
-12104.24609,-8.960000038,26.10000038
-12153.07422,-8.970000267,25.62000084
-12219.96875,-8.970000267,24.70999908
-12286.61914,-8.93999958,24.10000038
-12330.80859,-8.960000038,23.90999985
-12402.58594,-8.949999809,23.96999931
-12452.63477,-8.930000305,24.03000069
-12521.23828,-8.949999809,23.55999947
-12587.88867,-8.979999542,23.40999985
-12632.56641,-8.970000267,23.14999962
-12695.31055,-8.970000267,22.39999962
-12753.17188,-8.989999771,21.52000046
-12811.27734,-8.93999958,21.05999947
-12875.48633,-8.930000305,21.23999977
-12939.45117,-9,21.20999908
-13001.21875,-8.920000076,20.97999954
-13059.81348,-9,20.77000046
-13122.06836,-8.970000267,20.52000046
-13178.2207,-8.920000076,19.98999977
-13233.39648,-8.93999958,19.65999985
-13291.99023,-8.909999847,19.72999954
-13354.97852,-8.970000267,20.42000008
-13425.04688,-8.970000267,21.17000008
-13472.41016,-8.979999542,21.45000076
-13540.03711,-8.909999847,21.85000038
-13609.86133,-8.920000076,22.27000046
-13655.75977,-8.960000038,22.28000069
-13723.875,-8.960000038,22.62000084
-13773.43555,-8.930000305,22.96999931
-13853.51367,-8.970000267,24.31999969
-13911.13086,-8.93999958,25.18000031
-13968.99219,-8.989999771,25.86000061
-14027.09766,-8.909999847,26.73999977
-14091.06348,-8.979999542,27.5
-14150.87695,-8.979999542,27.70999908
-14206.05273,-8.989999771,27.80999947
-14265.37891,-8.930000305,28.29000092
-14326.16992,-8.960000038,28.84000015
-14393.06445,-8.979999542,29.90999985
-14463.13281,-8.949999809,30.54999924
-14495.35938,-8.93999958,30.69000053
-14562.74219,-8.909999847,31.61000061
-14633.29883,-8.960000038,32.02999878
-14698.48438,-8.960000038,31.90999985
-14762.44922,-8.93999958,32.13000107
-14795.65234,-8.979999542,32.24000168
-14864.25586,-8.93999958,33.09000015
-14942.625,-8.930000305,34.04000092
-14979.49023,-8.949999809,34.09999847
-15047.84961,-8.930000305,34.79999924
-15127.19531,-8.949999809,35.09000015
-15162.5957,-8.949999809,35.09999847
-15231.93164,-8.909999847,35.09999847
-15304.19727,-8.949999809,35.43000031
-15341.55078,-8.920000076,35.88999939
-15424.07031,-8.970000267,36.84999847
-15464.35352,-8.920000076,37.13000107
-15544.91992,-8.93999958,37.95000076
-15587.40039,-8.93999958,38.15000153
-15668.69922,-8.949999809,38.43999863
-15707.0293,-8.93999958,38.52000046
-15787.35156,-8.930000305,39.41999817
-15833.00586,-8.920000076,40.06000137
-15879.14844,-8.979999542,40.75999832
-15972.41016,-8.960000038,41.72999954
-16018.79688,-8.930000305,42.49000168
-16068.60156,-9,43.09000015
-16117.42969,-8.979999542,43.29000092
-16205.80859,-8.979999542,43.36999893
-16249.99805,-8.930000305,43.65999985
-16296.38477,-8.920000076,43.97000122
-16394.28516,-8.960000038,45.38999939
-16446.77539,-8.920000076,45.84999847
-16497.06836,-8.960000038,45.81999969
-16542.47852,-8.979999542,46.45000076
-16594.96875,-8.970000267,46.56000137
-16688.71875,-9,46.36999893
-16733.64063,-8.930000305,46.22000122
-16778.31836,-8.979999542,46.40000153
-16878.66016,-8.989999771,47.54999924
-16931.88281,-8.979999542,47.95000076
-16983.64063,-8.949999809,48.04000092
-17032.46875,-8.930000305,48.13000107
-17081.29688,-8.949999809,48.31000137
-17131.3457,-8.930000305,48.31000137
-17226.56055,-8.960000038,48.18000031
-17274.65625,-9.010000229,48.20000076
-17322.99609,-8.930000305,48.65000153
-17375.97461,-8.949999809,49.29000092
-17431.39453,-8.949999809,49.65999985
-17534.42188,-8.979999542,50.08000183
-17588.13281,-8.920000076,50.54999924
-17643.06445,-8.909999847,50.36999893
-17691.64844,-8.970000267,50.18000031
-17739.98828,-8.970000267,50.31000137
-17791.50195,-8.93999958,50.88999939
-17907.22461,-8.949999809,52.06999969
-17962.88867,-8.920000076,52.43000031
-18018.79688,-8.989999771,53.22000122
-18079.58789,-8.989999771,53.70000076
-18137.9375,-8.970000267,53.70999908
-18191.64844,-8.970000267,53.63999939
-18244.62695,-8.989999771,53.72999954
-18299.07031,-8.960000038,53.93999863
-18354.97852,-8.989999771,54.59000015
-18415.76953,-9,54.86999893
-18473.38672,-8.930000305,54.86999893
-18528.31836,-8.960000038,55.25999832
-18587.15625,-8.949999809,55.34000015
-18643.30859,-8.920000076,55.09999847
-18696.04297,-8.949999809,54.77000046
-18801.51172,-8.949999809,54.90999985
-18858.39648,-8.989999771,55.5
-18919.43164,-8.979999542,55.97000122
-18979.97852,-8.949999809,55.58000183
-19031.73633,-8.960000038,56.33000183
-19095.21289,-8.989999771,56.38999939
-19152.09766,-8.989999771,56.04999924
-19204.83203,-8.949999809,55.65000153
-19256.58984,-8.960000038,55.36000061
-19309.08008,-8.979999542,55.72000122
-19368.16211,-8.960000038,56.31999969
-19430.17383,-8.93999958,56.27999878
-19486.08203,-8.93999958,56.25
-19541.99023,-8.93999958,56.63999939
-19602.29297,-8.949999809,56.5
-19657.46875,-8.949999809,56.27000046
-19711.42383,-8.989999771,55.93999863
-19823.24023,-8.970000267,56.83000183
-19885.49609,-8.920000076,57.43000031
-19948.72852,-8.930000305,57.63000107
-20008.29883,-8.93999958,58.00999832
-20069.82227,-8.930000305,58.40999985
-20132.07813,-8.989999771,58.54999924
-20191.89258,-8.93999958,58.49000168
-20309.8125,-8.960000038,59.13000107
-20373.5332,-9,60.00999832
-20441.89258,-9.010000229,60.18000031
-20503.66016,-8.949999809,60.24000168
-20564.45117,-8.979999542,60.40000153
-20626.46289,-8.970000267,60.15999985
-20684.32422,-8.949999809,59.74000168
-20739.98828,-9,59.34000015
-20795.4082,-8.970000267,59.54999924
-20856.93164,-9,59.88000107
-20919.91992,-9,60.15999985
-20982.66406,-8.970000267,60.06000137
-21041.74609,-8.93999958,60.06999969
-21101.80469,-8.920000076,60.08000183
-21161.86328,-8.920000076,59.59999847
-21216.79492,-8.989999771,59.33000183
-21273.43555,-8.920000076,59.25999832
-21332.0293,-8.930000305,59.61999893
-21395.01758,-8.949999809,60.29999924
-21461.66797,-9,60.18999863
-21520.75,-9,60.41999817
-21583.25,-8.960000038,60.68999863
-21646.48242,-8.970000267,60.18000031
-21701.6582,-8.979999542,59.97000122
-21759.51953,-8.909999847,60.09999847
-21820.79883,-8.93999958,60.86000061
-21888.91406,-8.930000305,61.43999863
-21955.80859,-8.949999809,61.61000061
-22019.04102,-9,62.15999985
-22086.42383,-8.979999542,62.45000076
-22151.60938,-8.920000076,62.09000015
-22210.20313,-8.930000305,61.88000107
-22270.01758,-9,62.02999878
-22333.49414,-8.979999542,62.63000107
-22401.85352,-9,63.08000183
-22469.23633,-8.949999809,62.86000061
-22530.02734,-8.979999542,63.20000076
-22596.43359,-8.949999809,63.06999969
-22658.20117,-8.949999809,62.86000061
-22718.99219,-8.93999958,62.54000092
-22778.31836,-8.930000305,62.20000076
-22837.15625,-8.920000076,62.52999878
-22902.83008,-8.979999542,63.06000137
-22970.94531,-8.979999542,62.77999878
-23031.00391,-8.93999958,63.04999924
-23096.43359,-8.970000267,62.95000076
-23158.44531,-8.960000038,62.54999924
-23217.03906,-8.989999771,61.90999985
-23272.70313,-8.93999958,61.63000107
-23331.54102,-8.949999809,61.86999893
-23395.75,-8.960000038,62.18999863
-23460.93555,-8.970000267,62.06999969
-23521.72656,-8.960000038,62.20999908
-23585.20313,-8.930000305,62.00999832
-23645.26172,-8.949999809,61.59000015
-23702.87891,-8.949999809,61.18000031
-23760.00781,-8.930000305,61.33000183
-23822.75195,-8.93999958,61.86000061
-23889.64648,-8.989999771,62.59000015
-23959.22656,-8.989999771,62.68999863
-24022.70313,-8.909999847,63.40000153
-24093.01563,-8.930000305,63.5
-24157.46875,-8.930000305,63.15999985
-24217.2832,-8.970000267,62.99000168
-24278.5625,-8.949999809,62.91999817
-24340.81836,-8.989999771,63.34999847
-24408.20117,-8.93999958,63.79999924
-24476.31641,-8.979999542,63.65000153
-24538.57227,-8.949999809,63.75999832
-24603.26953,-8.93999958,63.52999878
-24664.54883,-8.949999809,63
-24722.41016,-8.949999809,62.31999969
-24778.07422,-8.989999771,62.09000015
-24837.88867,-8.920000076,62.31000137
-24902.3418,-8.979999542,62.58000183
-24967.52734,-8.949999809,62.45000076
-25028.5625,-8.949999809,62.06000137
-25086.66797,-8.979999542,61.79999924
-25145.99414,-8.979999542,61.20000076
-25201.41406,-8.970000267,60.56999969
-25255.85742,-8.949999809,60.18000031
-25312.25391,-8.93999958,60.11000061
-25371.58008,-8.960000038,60.31999969
-25433.83594,-8.970000267,60.08000183
-25491.69727,-8.970000267,59.70999908
-25547.84961,-8.949999809,59.88000107
-25609.37305,-8.93999958,59.47999954
-25665.03711,-8.960000038,58.75999832
-25716.79492,-8.979999542,58.40000153
-25771.72656,-9,58.20000076
-25890.86719,-9,58.75
-25950.4375,-8.960000038,58.65000153
-26067.625,-8.989999771,58.70999908
-26125.97461,-8.909999847,58.29000092
-26180.17383,-8.93999958,57.61000061
-26231.19922,-8.949999809,57.29999924
-26285.39844,-8.920000076,56.91999817
-26338.62109,-8.960000038,56.91999817
-26395.50586,-8.979999542,56.99000168
-26453.12305,-8.949999809,56.33000183
-26503.17188,-8.930000305,55.75
-26553.2207,-8.960000038,55.79999924
-26659.17773,-9,54.5
-26706.78516,-8.970000267,53.66999817
-26752.43945,-8.979999542,53.11999893
-26800.29102,-8.970000267,52.65999985
-26899.41211,-8.930000305,52.56000137
-26952.39063,-9,51.84000015
-26997.3125,-8.93999958,51.06999969
-27041.01367,-8.970000267,50.99000168
-27091.0625,-8.989999771,50.50999832
-27179.44141,-9,48.77999878
-27218.74805,-8.930000305,47.79999924
-27297.36133,-8.989999771,46.54999924
-27338.62109,-8.909999847,46.34000015
-27426.26758,-8.989999771,45.63999939
-27467.77148,-9,45.04999924
-27547.11719,-8.930000305,44.31999969
-27588.86523,-8.989999771,43.75999832
-27663.81641,-8.979999542,42.31999969
-27698.72852,-8.970000267,41.65000153
-27769.04102,-8.979999542,40.59000015
-27844.96875,-8.949999809,40.34000015
-27883.54297,-8.979999542,40.27000046
-27960.20313,-8.960000038,39.52999878
-27995.35938,-8.909999847,39.22000122
-28070.06445,-8.920000076,39.11000061
-28142.57422,-8.960000038,38.02999878
-28174.80078,-8.979999542,37.43999863
-28236.56836,-8.93999958,36.18999863
-28299.80078,-8.989999771,35.38999939
-28363.52148,-8.960000038,35.09999847
-28431.63672,-8.949999809,34.81000137
-28497.31055,-9,34.29000092
-28557.61328,-8.970000267,33.68999863
-28590.57227,-8.93999958,33.36999893
-28677.97461,-8.920000076,31.90999985
-28730.46484,-8.970000267,30.79999924
-28781.00195,-8.960000038,29.93000031
-28833.98047,-8.949999809,29.37000084
-28914.30273,-8.989999771,28.70000076
-28967.03711,-8.93999958,28.05999947
-29016.8418,-8.989999771,27.62999916
-29093.01367,-9.010000229,26.94000053
-29141.10938,-8.970000267,26.20000076
-29203.12109,-8.970000267,24.59000015
-29263.17969,-8.970000267,23.47999954
-29323.72656,-8.920000076,22.65999985
-29387.93555,-8.930000305,22.31999969
-29430.41602,-8.930000305,22.26000023
-29490.96289,-8.930000305,21.45999908
-29562.49609,-8.979999542,20.19000053
-29613.0332,-8.979999542,19.20999908
-29678.46289,-8.930000305,18.12000084
-29736.32422,-8.989999771,16.87999916
-29794.67383,-8.989999771,16.07999992
-29853.75586,-8.989999771,15.73999977
-29910.88477,-9,15.35000038
-29979.24414,-8.989999771,14.43999958
-30040.76758,-8.979999542,13.64999962
-30091.79297,-8.93999958,13.34000015
-30150.14258,-8.920000076,12.48999977
-30210.68945,-8.930000305,11.39000034
-30279.04883,-8.859999657,10.63000011
-30335.20117,-8.829999924,9.859999657
-30391.10938,-8.819999695,8.899999619
-30450.67969,-8.819999695,7.230000019
-30510.73828,-8.760000229,4.340000153
-30572.50586,-8.909999847,2.75
-30633.54102,-8.979999542,4.610000134
-30697.26172,-8.930000305,6.320000172
-30758.29688,-8.979999542,7.710000038
-30812.00781,-8.960000038,9.050000191
-30872.55469,-8.93999958,10.34000015
-30930.66016,-8.930000305,11.97999954
-31001.70508,-8.909999847,12.68999958
-31059.81055,-8.979999542,13.56999969
-31110.10352,-8.989999771,14.30000019
-31170.40625,-8.960000038,14.47999954
-31230.70898,-8.960000038,14.77999973
-31292.96484,-8.93999958,15.02000046
-31359.61523,-8.979999542,15.80000019
-31415.76758,-8.930000305,16.69000053
-31470.21094,-8.960000038,16.87999916
-31544.67383,-8.930000305,17.68000031
-31605.46484,-8.899999619,18.20000076
-31659.17578,-8.970000267,18.06999969
-31712.1543,-8.899999619,18.04000092
-31785.15234,-8.949999809,18.10000038
-31844.9668,-8.930000305,18.78000069
-31909.41992,-8.920000076,19.54000092
-31950.67969,-8.930000305,19.70000076
-32010.49414,-8.930000305,19.75
-32077.14453,-8.93999958,20.60000038
-32141.10938,-8.869999886,20.5
-32199.70313,-8.909999847,20.14999962
-32256.83203,-8.909999847,20.12000084
-32318.84375,-8.949999809,20.21999931
-32384.0293,-8.869999886,20.61000061
-32446.28516,-8.920000076,20.54999924
-32501.46094,-8.909999847,19.97999954
-32555.9043,-8.909999847,19.77000046
-32615.47461,-8.93999958,19.59000015
-32670.16211,-8.899999619,18.95999908
-32733.63867,-8.899999619,17.86000061
-32793.69922,-8.93999958,16.92000008
-32857.17578,-8.880000114,16.69000053
-32920.65234,-8.930000305,16.34000015
-32974.60547,-8.93999958,15.14000034
-33032.71094,-8.890000343,13.42000008
-33093.99219,-8.899999619,11.97999954
-33152.82813,-8.890000343,9.220000267
-33210.20313,-8.779999733,0.050000001
-33209.95703,-8.680000305,0.02
-33210.69141,-8.680000305,0.07
-33209.95703,-8.659999847,0.02
-33210.20313,-8.680000305,0
-33209.95703,-8.619999886,0.039999999
-33210.44531,-8.640000343,0.01
-33209.95703,-8.630000114,0.01
-33210.20313,-8.600000381,0.029999999
-33208.73828,-6.75,-0.670000017
-33148.19141,-7.21999979,-3.579999924
-33086.91016,-7.46999979,-5.730000019
-33026.36328,-7.699999809,-7.300000191
-32961.66797,-7.889999866,-8.31000042
-32899.65625,-8.050000191,-9.359999657
-32840.81641,-8.260000229,-10.31999969
-32782.71094,-8.329999924,-10.85000038
-32723.14063,-8.43999958,-11.35999966
-32656.97852,-8.510000229,-12.15999985
-32599.84961,-8.609999657,-13.11999989
-32536.12891,-8.649999619,-14.11999989
-32489.74219,-8.68999958,-14.31000042
-32426.99805,-8.680000305,-15.02000046
-32356.19727,-8.729999542,-15.90999985
-32306.39258,-8.739999771,-15.88000011
-32244.38086,-8.760000229,-15.75
-32180.9043,-8.800000191,-15.92000008
-32114.25391,-8.81000042,-16.29000092
-32059.56641,-8.819999695,-16.64999962
-32006.58789,-8.859999657,-16.82999992
-31942.13477,-8.859999657,-16.62999916
-31874.50781,-8.869999886,-16.77000046
-31824.21484,-8.850000381,-16.88999939
-31763.17969,-8.869999886,-16.04999924
-31705.5625,-8.920000076,-15.52999973
-31648.67773,-8.890000343,-15.14000034
-31588.13086,-8.920000076,-15.17000008
-31526.60742,-8.890000343,-15.17000008
-31459.71289,-8.890000343,-14.27000046
-31406.49023,-8.920000076,-14.06999969
-31337.39844,-8.960000038,-13.72000027
-31282.95508,-8.899999619,-12.47999954
-31223.87305,-8.960000038,-11.14000034
-31164.30273,-8.920000076,-9.680000305
-31107.41797,-8.979999542,-7.440000057
-31113.0332,-8.909999847,2.210000038
-31173.33594,-8.970000267,3.960000038
-31234.37109,-9,4.789999962
-31290.52344,-8.960000038,5.369999886
-31352.53516,-8.960000038,6.079999924
-31410.64063,-8.970000267,6.840000153
-31473.62891,-8.970000267,7.369999886
-31534.17578,-8.949999809,8.100000381
-31595.21094,-9,8.359999657
-31651.11914,-8.979999542,8.100000381
-31714.5957,-8.970000267,7.400000095
-31774.16602,-8.970000267,6.300000191
-31830.31836,-8.949999809,0.280000001
-31890.37695,-9.010000229,2.25999999
-31951.16797,-8.989999771,2.900000095
-32011.71484,-8.93999958,3.099999905
-32075.43555,-8.93999958,4.579999924
-32135.73828,-8.93999958,5.550000191
-32191.1582,-9,5.860000134
-32251.70508,-8.979999542,6.119999886
-32314.69336,-8.930000305,6.210000038
-32370.35742,-8.930000305,6.730000019
-32435.78711,-8.970000267,7.039999962
-32494.86914,-8.949999809,6.429999828
-32552.73047,-9.020000458,5.289999962
-32611.08008,-8.989999771,3.890000105
-32607.66211,-4.309999943,-2.25999999
-32548.82422,-4.360000134,-4.460000038
-32482.17383,-4.269999981,-6.46999979
-32424.06836,-4.269999981,-8.170000076
-32366.93945,-4.320000172,-9.430000305
-32309.07813,-4.340000153,-10.27000046
-32239.00977,-4.289999962,-10.90999985
-32181.63672,-4.28000021,-11.05000019
-32124.50781,-4.28000021,-11.35999966
-32058.58984,-4.320000172,-12.09000015
-32006.09961,-4.300000191,-12.43000031
-31942.86719,-4.320000172,-12.61999989
-31874.75195,-4.260000229,-13.05000019
-31821.04102,-4.28000021,-13.30000019
-31758.29688,-4.25,-12.77000046
-31697.26172,-4.320000172,-12.63000011
-31646.96875,-4.260000229,-12.72999954
-31588.86328,-4.230000019,-13.46000004
-31527.58398,-4.239999771,-14.05000019
-31469.47852,-4.309999943,-14.26000023
-31406.73438,-4.269999981,-14.71000004
-31338.13086,-4.309999943,-15.59000015
-31276.36328,-4.269999981,-15.39000034
-31214.83984,-4.300000191,-15.47000027
-31165.2793,-4.25,-16
-31093.01367,-4.289999962,-16.67000008
-31034.17578,-4.260000229,-17.45000076
-30979.48828,-4.269999981,-17.5
-30922.60352,-4.309999943,-18.29999924
-30854.73242,-4.309999943,-19.37000084
-30791.98828,-4.21999979,-19.52000046
-30734.12695,-4.269999981,-19.59000015
-30673.33594,-4.28000021,-19.88999939
-30606.92969,-4.269999981,-20.78000069
-30558.10156,-4.320000172,-21.36000061
-30509.51758,-4.300000191,-21.70999908
-30442.86719,-4.309999943,-21.97999954
-30363.52148,-4.300000191,-23.32999992
-30312.74023,-4.230000019,-23.52000046
-30265.37695,-4.28000021,-23.62000084
-30190.91406,-4.230000019,-23.95999908
-30139.40039,-4.230000019,-24.55999947
-30081.53906,-4.289999962,-25.5
-30019.2832,-4.28000021,-26.45000076
-29961.91016,-4.230000019,-26.97999954
-29903.80469,-4.269999981,-27.68000031
-29839.35156,-4.260000229,-28.32999992
-29778.80469,-4.289999962,-28.42000008
-29720.94336,-4.320000172,-28.45000076
-29663.08203,-4.25,-28.89999962
-29598.14063,-4.309999943,-29.77000046
-29530.02539,-4.260000229,-30.36000061
-29465.81641,-4.309999943,-30.85000038
-29397.70117,-4.260000229,-31.82999992
-29359.37109,-4.25,-32.09999847
-29291.01172,-4.260000229,-32.20000076
-29227.7793,-4.28000021,-32.11000061
-29164.05859,-4.239999771,-32.29999924
-29129.87891,-4.28000021,-32.70000076
-29055.66016,-4.289999962,-33.43000031
-28985.10352,-4.25,-33.83000183
-28948.72656,-4.239999771,-34.11999893
-28868.4043,-4.28000021,-35.36999893
-28829.3418,-4.230000019,-35.33000183
-28759.27344,-4.269999981,-35.33000183
-28687.74023,-4.269999981,-35.5
-28614.25391,-4.28000021,-36
-28574.94727,-4.25,-36.68000031
-28492.18359,-4.309999943,-37.34000015
-28451.16797,-4.309999943,-37.74000168
-28409.66406,-4.269999981,-38.52999878
-28321.5293,-4.320000172,-38.90000153
-28282.22266,-4.269999981,-38.93999863
-28203.85352,-4.309999943,-39.15000153
-28162.83789,-4.260000229,-39.38000107
-28077.38867,-4.300000191,-40.06999969
-28034.9082,-4.239999771,-40.47999954
-27951.41406,-4.269999981,-40.5
-27909.42188,-4.230000019,-41.08000183
-27862.79102,-4.300000191,-41.47999954
-27775.87695,-4.300000191,-41.25
-27737.05859,-4.289999962,-41.18000031
-27658.44531,-4.300000191,-40.90999985
-27617.42969,-4.269999981,-41.20000076
-27529.7832,-4.289999962,-41.56999969
-27487.05859,-4.289999962,-41.33000183
-27448.24023,-4.239999771,-41.38999939
-27358.88477,-4.28000021,-42.04999924
-27315.91602,-4.309999943,-41.74000168
-27238.03516,-4.230000019,-41.27000046
-27198.97266,-4.309999943,-41.15000153
-27115.7207,-4.269999981,-41.68000031
-27070.79883,-4.260000229,-41.99000168
-27025.87695,-4.260000229,-41.93999863
-26943.11328,-4.269999981,-42.27000046
-26897.21484,-4.300000191,-42.97999954
-26847.41016,-4.309999943,-43.06999969
-26762.9375,-4.260000229,-42.56999969
-26722.89844,-4.260000229,-42.5
-26638.66992,-4.289999962,-42.77999878
-26593.25977,-4.230000019,-43.29999924
-26544.91992,-4.300000191,-43.61000061
-26454.09961,-4.269999981,-43.93999863
-26407.71289,-4.320000172,-44.56000137
-26357.17578,-4.320000172,-44.70000076
-26267.33203,-4.309999943,-44.36999893
-26225.33984,-4.289999962,-44.25999832
-26182.12695,-4.260000229,-44.18999863
-26089.59766,-4.300000191,-45.24000168
-26038.81641,-4.269999981,-45.41999817
-25991.69727,-4.239999771,-45.38000107
-25946.77539,-4.300000191,-45.63000107
-25847.6543,-4.309999943,-46.29000092
-25800.04688,-4.269999981,-46.11000061
-25755.61328,-4.269999981,-45.72999954
-25669.91992,-4.289999962,-45.63000107
-25623.5332,-4.239999771,-46.02000046
-25573.72852,-4.300000191,-46.22000122
-25525.63281,-4.25,-46.27000046
-25431.15039,-4.260000229,-46.70999908
-25381.83398,-4.320000172,-47.16999817
-25330.07617,-4.309999943,-47.04999924
-25284.17773,-4.300000191,-46.86000061
-25196.53125,-4.28000021,-46.45999908
-25150.38867,-4.28000021,-46.66999817
-25101.80469,-4.289999962,-46.95000076
-25002.92773,-4.300000191,-47.34000015
-24954.09961,-4.239999771,-47.90999985
-24900.87695,-4.309999943,-48.52000046
-24846.43359,-4.28000021,-48.74000168
-24795.65234,-4.289999962,-48.70999908
-24747.3125,-4.289999962,-48.65999985
-24650.14453,-4.300000191,-49
-24598.38672,-4.260000229,-49.72999954
-24541.74609,-4.320000172,-50.20000076
-24487.05859,-4.230000019,-50.63000107
-24432.37109,-4.300000191,-51.47999954
-24372.80078,-4.309999943,-51.95999908
-24316.16016,-4.269999981,-51.97000122
-24264.1582,-4.269999981,-51.90000153
-24160.1543,-4.269999981,-52.40999985
-24104.00195,-4.269999981,-52.86000061
-24046.87305,-4.28000021,-53.40000153
-23988.2793,-4.25,-53.52999878
-23933.5918,-4.289999962,-54.15999985
-23873.5332,-4.25,-54.56999969
-23815.18359,-4.28000021,-54.25999832
-23763.91406,-4.25,-53.88999939
-23713.62109,-4.25,-53.38999939
-23665.03711,-4.269999981,-53.47999954
-23555.41797,-4.300000191,-53.75999832
-23500.73047,-4.28000021,-53.66999817
-23447.99609,-4.309999943,-53.61000061
-23395.01758,-4.239999771,-54.00999832
-23337.15625,-4.300000191,-53.63999939
-23287.10742,-4.320000172,-53.25999832
-23237.54688,-4.230000019,-52.93999863
-23187.74219,-4.300000191,-52.90999985
-23082.0293,-4.25,-53.25
-23025.87695,-4.309999943,-53.11000061
-22974.11914,-4.320000172,-53.25999832
-22919.43164,-4.269999981,-54.04999924
-22857.9082,-4.25,-54.04000092
-22803.95313,-4.320000172,-53.86999893
-22751.70703,-4.309999943,-53.68000031
-22699.94922,-4.269999981,-53.38999939
-22649.41211,-4.309999943,-53.75999832
-22534.17773,-4.289999962,-54.33000183
-22478.26953,-4.28000021,-54.58000183
-22421.38477,-4.28000021,-55.04000092
-22362.05859,-4.300000191,-54.99000168
-22307.37109,-4.289999962,-55.08000183
-22251.46289,-4.260000229,-54.77000046
-22199.70508,-4.260000229,-54.63000107
-22146.48242,-4.300000191,-55.25999832
-22085.20313,-4.320000172,-55.91999817
-22022.94727,-4.289999962,-55.90000153
-21967.2832,-4.25,-56.13000107
-21908.93359,-4.25,-56.65999985
-21847.41016,-4.25,-56.79000092
-21789.30469,-4.300000191,-56.52999878
-21735.34961,-4.269999981,-56.06000137
-21683.83594,-4.300000191,-55.99000168
-21628.66016,-4.289999962,-56.38000107
-21568.60156,-4.28000021,-56.52000046
-21455.80859,-4.320000172,-56.58000183
-21397.21484,-4.25,-57.22999954
-21333.73828,-4.320000172,-57.02999878
-21278.5625,-4.28000021,-56.52999878
-21226.80469,-4.260000229,-56.5
-21170.65234,-4.28000021,-56.66999817
-21112.54688,-4.25,-56.99000168
-21052.48828,-4.309999943,-57.13999939
-20993.89453,-4.300000191,-57.29000092
-20935.30078,-4.25,-57.99000168
-20870.60352,-4.309999943,-58.27999878
-20809.56836,-4.269999981,-57.99000168
-20754.39258,-4.300000191,-57.86999893
-20697.75195,-4.28000021,-57.95000076
-20639.1582,-4.239999771,-58.22000122
-20578.36719,-4.329999924,-58.90999985
-20512.9375,-4.309999943,-59
-20453.12305,-4.300000191,-59.65000153
-20387.44922,-4.260000229,-60.09999847
-20322.99609,-4.28000021,-59.79999924
-20266.11133,-4.329999924,-59.66999817
-20207.76172,-4.300000191,-59.75999832
-20147.21484,-4.28000021,-60.59999847
-20078.61133,-4.28000021,-60.90999985
-20014.89063,-4.329999924,-60.72999954
-19955.80859,-4.260000229,-60.97000122
-19892.57617,-4.309999943,-61.5
-19825.92578,-4.28000021,-61.41999817
-19765.13477,-4.309999943,-60.95000076
-19708.73828,-4.289999962,-60.43000031
-19591.0625,-4.309999943,-60.93999863
-19527.09766,-4.25,-60.59999847
-19469.72461,-4.269999981,-60.5
-19343.50391,-4.309999943,-60.84999847
-19284.91016,-4.260000229,-60.34000015
-19229.49023,-4.309999943,-59.90999985
-19114.5,-4.269999981,-60.20999908
-19051.02344,-4.300000191,-60.06000137
-18992.42969,-4.28000021,-59.93999863
-18933.83594,-4.320000172,-60.52000046
-18867.91797,-4.260000229,-60.66999817
-18805.66211,-4.309999943,-60.40999985
-18747.80078,-4.260000229,-60.04000092
-18634.27539,-4.320000172,-60.22000122
-18569.82227,-4.289999962,-60.5
-18506.58984,-4.269999981,-60.20000076
-18449.46094,-4.239999771,-60.34000015
-18387.9375,-4.239999771,-60.86000061
-18322.01953,-4.320000172,-60.65999985
-18263.42578,-4.269999981,-60.31000137
-18206.54102,-4.309999943,-60.06000137
-18148.92383,-4.340000153,-60.34000015
-18085.93555,-4.320000172,-60.75
-18021.23828,-4.269999981,-60.52000046
-17962.88867,-4.289999962,-60.25999832
-17905.27148,-4.269999981,-60.50999832
-17842.2832,-4.25,-60.29000092
-17784.17773,-4.289999962,-59.59999847
-17679.68555,-4.340000153,-58.54999924
-17624.02148,-4.28000021,-58.59000015
-17565.18359,-4.25,-58.43000031
-17508.29883,-4.309999943,-57.74000168
-17457.27344,-4.309999943,-57.70000076
-17399.90039,-4.329999924,-57.91999817
-17339.8418,-4.25,-57.52999878
-17286.13086,-4.329999924,-56.52000046
-17239.25586,-4.329999924,-55.77999878
-17140.86719,-4.309999943,-55.16999817
-17086.17969,-4.289999962,-55.13000107
-17031.49219,-4.269999981,-54.58000183
-16982.17578,-4.320000172,-54.36000061
-16929.92969,-4.28000021,-54.97000122
-16869.13867,-4.300000191,-54.75
-16816.4043,-4.260000229,-54.11000061
-16768.55273,-4.289999962,-53.63999939
-16671.14063,-4.28000021,-53.02000046
-16619.38281,-4.25,-53.04000092
-16566.16016,-4.340000153,-53.20000076
-16511.47266,-4.289999962,-52.88999939
-16461.66797,-4.239999771,-53.06000137
-16406.98047,-4.309999943,-53.45000076
-16349.85156,-4.300000191,-53.11000061
-16252.19531,-4.269999981,-52.20000076
-16204.09961,-4.260000229,-51.77000046
-16156.49219,-4.309999943,-51.81999969
-16104.24609,-4.269999981,-51.93000031
-15998.77734,-4.269999981,-51.43000031
-15952.63477,-4.329999924,-51.27999878
-15902.83008,-4.320000172,-51.59000015
-15848.14258,-4.28000021,-51.58000183
-15796.62891,-4.28000021,-50.99000168
-15707.51758,-4.309999943,-49.56999969
-15665.28125,-4.289999962,-49.36999893
-15617.91797,-4.260000229,-49.34999847
-15568.8457,-4.25,-49.33000183
-15476.07227,-4.25,-48.38000107
-15431.88281,-4.309999943,-48.40999985
-15383.29883,-4.28000021,-48.45000076
-15289.54883,-4.309999943,-47.54999924
-15247.55664,-4.320000172,-46.93999863
-15206.54102,-4.239999771,-46.63999939
-15117.91797,-4.260000229,-46.63000107
-15069.82227,-4.300000191,-46.70999908
-15022.45898,-4.289999962,-46.36999893
-14934.81348,-4.289999962,-46.36000061
-14886.96094,-4.239999771,-46.45000076
-14839.59766,-4.239999771,-46.00999832
-14755.61328,-4.329999924,-45.16999817
-14715.08594,-4.239999771,-44.68000031
-14635.25195,-4.340000153,-44.20999908
-14591.30664,-4.260000229,-44.15999985
-14547.60547,-4.269999981,-44.02999878
-14465.33008,-4.25,-43.47999954
-14423.09375,-4.309999943,-43.52999878
-14336.42383,-4.260000229,-43.11000061
-14296.62891,-4.300000191,-42.74000168
-14221.92188,-4.239999771,-41.86999893
-14181.88281,-4.25,-41.61000061
-14100.82813,-4.329999924,-41.70000076
-14058.5918,-4.269999981,-41.70999908
-13978.75781,-4.300000191,-41.06000137
-13940.67188,-4.329999924,-40.75999832
-13861.08203,-4.269999981,-40.74000168
-13821.53125,-4.269999981,-40.36000061
-13749.99805,-4.25,-39.38000107
-13682.12695,-4.320000172,-38.40000153
-13647.45898,-4.309999943,-38.11999893
-13573.72852,-4.320000172,-38.04999924
-13500.97461,-4.289999962,-37.59999847
-13465.57422,-4.269999981,-37.50999832
-13392.33203,-4.28000021,-37.68000031
-13317.86914,-4.340000153,-37.00999832
-13284.42188,-4.260000229,-36.40000153
-13223.63086,-4.28000021,-35.36000061
-13161.13086,-4.320000172,-34.88000107
-13092.77148,-4.289999962,-34.88999939
-13024.41211,-4.269999981,-34.36000061
-12964.35352,-4.28000021,-33.84000015
-12893.06445,-4.320000172,-34.38000107
-12857.17578,-4.269999981,-34.22000122
-12793.69922,-4.25,-33.66999817
-12731.44336,-4.300000191,-33.16999817
-12670.16406,-4.340000153,-32.79000092
-12605.95508,-4.239999771,-32.70999908
-12539.30469,-4.28000021,-32.95000076
-12505.61328,-4.260000229,-32.86000061
-12438.96289,-4.320000172,-33.11000061
-12368.89453,-4.289999962,-33.50999832
-12303.2207,-4.320000172,-33.04000092
-12243.65039,-4.329999924,-32.40000153
-12183.5918,-4.269999981,-32.27999878
-12118.65039,-4.309999943,-32.45999908
-12084.22656,-4.28000021,-32.49000168
-12017.57617,-4.260000229,-32.5
-11957.0293,-4.260000229,-32.24000168
-11892.57617,-4.300000191,-32.45000076
-11824.46094,-4.309999943,-32.45000076
-11764.89063,-4.260000229,-31.76000023
-11707.76172,-4.28000021,-31.12999916
-11651.85352,-4.25,-30.76000023
-11590.57422,-4.289999962,-30.73999977
-11528.80664,-4.28000021,-30.69000053
-11471.18945,-4.239999771,-30.30999947
-11413.81641,-4.300000191,-30.29999924
-11349.85156,-4.260000229,-30.35000038
-11292.23438,-4.329999924,-29.75
-11239.98828,-4.300000191,-29.06999969
-11187.49805,-4.260000229,-28.61000061
-11104.24609,-4.329999924,-28.69000053
-11046.38477,-4.28000021,-28.57999992
-10991.94141,-4.340000153,-28.18000031
-10937.74219,-4.269999981,-28.12999916
-10878.9043,-4.309999943,-28.48999977
-10822.01953,-4.329999924,-28.30999947
-10768.79688,-4.28000021,-27.87000084
-10691.4043,-4.260000229,-27.48999977
-10638.42578,-4.269999981,-27.47999954
-10579.83203,-4.320000172,-27.73999977
-10522.45996,-4.320000172,-27.79000092
-10469.96973,-4.25,-27.70000076
-10383.05566,-4.25,-28.13999939
-10326.65918,-4.300000191,-28
-10274.16895,-4.289999962,-27.44000053
-10223.63184,-4.28000021,-27.03000069
-10149.41309,-4.28000021,-26.78000069
-10092.77246,-4.25,-26.96999931
-10036.62012,-4.340000153,-27.13999939
-9984.618164,-4.320000172,-26.62999916
-9908.69043,-4.289999962,-26.43000031
-9854.491211,-4.309999943,-26.57999992
-9804.686523,-4.320000172,-26.09000015
-9735.838867,-4.269999981,-25.12999916
-9669.676758,-4.25,-24.46999931
-9623.53418,-4.289999962,-24.31999969
-9551.268555,-4.320000172,-24.15999985
-9505.125977,-4.329999924,-23.82999992
-9438.231445,-4.260000229,-23.37000084
-9365.96582,-4.289999962,-23.69000053
-9321.288086,-4.329999924,-23.21999931
-9259.521484,-4.28000021,-22.35000038
-9203.368164,-4.25,-21.56999969
-9142.821289,-4.269999981,-21.36000061
-9076.90332,-4.320000172,-21.45999908
-9013.670898,-4.25,-21.34000015
-8952.879883,-4.320000172,-21.12000084
-8884.764648,-4.28000021,-21.53000069
-8842.52832,-4.320000172,-21.30999947
-8786.131836,-4.320000172,-20.59000015
-8711.424805,-4.269999981,-20.03000069
-8654.540039,-4.340000153,-19.85000038
-8594.481445,-4.309999943,-19.87000084
-8531.493164,-4.320000172,-20.19000053
-8472.899414,-4.289999962,-20.10000038
-8410.887695,-4.309999943,-20.64999962
-8364.500977,-4.320000172,-20.76000023
-8301.756836,-4.300000191,-20.52000046
-8245.116211,-4.300000191,-20.18000031
-8187.499023,-4.25,-19.97999954
-8127.195801,-4.309999943,-20.22999954
-8060.300781,-4.260000229,-20.70999908
-7995.359863,-4.309999943,-20.70999908
-7935.790039,-4.289999962,-20.59000015
-7868.89502,-4.28000021,-21.19000053
-7825.193848,-4.329999924,-21.30999947
-7766.111816,-4.309999943,-20.63999939
-7708.73877,-4.289999962,-20.29999924
-7632.811035,-4.340000153,-20.04000092
-7571.288086,-4.25,-20
-7511.229004,-4.260000229,-20.04999924
-7455.564941,-4.329999924,-19.63999939
-7397.458984,-4.289999962,-19.87000084
-7334.958984,-4.260000229,-19.77000046
-7281.249023,-4.309999943,-19.14999962
-7229.979004,-4.329999924,-18.69000053
-7158.445801,-4.309999943,-18.57999992
-7100.096191,-4.329999924,-18.93000031
-7036.620117,-4.309999943,-19.34000015
-6982.665039,-4.340000153,-18.87000084
-6928.222168,-4.269999981,-18.95000076
-6863.279785,-4.329999924,-19.62000084
-6805.174805,-4.329999924,-19.40999985
-6732.176758,-4.300000191,-18.95000076
-6678.954102,-4.289999962,-18.70999908
-6624.021973,-4.329999924,-18.70999908
-6563.963867,-4.260000229,-19.11000061
-6504.394043,-4.309999943,-19.03000069
-6430.418945,-4.309999943,-18.84000015
-6372.312988,-4.260000229,-19.20000076
-6314.939941,-4.320000172,-19.07999992
-6263.670898,-4.300000191,-18.45000076
-6196.775879,-4.269999981,-17.86000061
-6147.459961,-4.320000172,-17.68000031
-6072.75293,-4.320000172,-18.04000092
-6016.845215,-4.329999924,-18
-5968.01709,-4.309999943,-17.46999931
-5903.318848,-4.25,-17
-5836.913086,-4.269999981,-16.89999962
-5789.062012,-4.320000172,-16.5
-5718.993164,-4.340000153,-15.47000027
-5664.549805,-4.269999981,-14.81999969
-5595.213867,-4.329999924,-14.47000027
-5539.306152,-4.28000021,-14.35000038
-5488.036133,-4.260000229,-13.64999962
-5428.222168,-4.320000172,-12.93999958
-5365.96582,-4.289999962,-12.89000034
-5301.756836,-4.329999924,-11.57999992
-5242.187012,-4.329999924,-9.909999847
-5187.743164,-4.320000172,-8.81000042
-5123.777832,-4.309999943,-7.389999866
-5068.603027,-4.309999943,-7.210000038
-5005.370117,-4.300000191,-6.539999962
-4944.823242,-4.340000153,-6.289999962
-4887.450195,-4.28000021,-6.420000076
-4827.39209,-4.329999924,-5.679999828
-4768.310059,-4.300000191,-4.389999866
-4709.71582,-4.269999981,-2.74000001
-4647.21582,-4.289999962,-1.940000057
-4585.691895,-4.309999943,-4.170000076
-4529.051758,-4.289999962,-5.889999866
-4465.331055,-4.289999962,-7.389999866
-4406.980957,-4.320000172,-8.710000038
-4348.631836,-4.289999962,-9.630000114
-4282.713867,-4.300000191,-10.27999973
-4225.829102,-4.28000021,-10.72999954
-4164.062012,-4.309999943,-11.47000027
-4096.922852,-4.260000229,-12.59000015
-4037.353027,-4.269999981,-13.35000038
-3977.050049,-4.309999943,-13.61999989
-3919.187988,-4.300000191,-14.10000038
-3867.430908,-4.340000153,-15.01000023
-3800.291992,-4.28000021,-15.56999969
-3738.769043,-4.329999924,-15.46000004
-3676.269043,-4.309999943,-15.52999973
-3627.928955,-4.260000229,-15.94999981
-3554.441895,-4.340000153,-16.72999954
-3500.487061,-4.300000191,-16.93000031
-3431.395996,-4.309999943,-17.20000076
-3371.336914,-4.300000191,-18.07999992
-3312.987061,-4.320000172,-18.28000069
-3257.566895,-4.309999943,-18.37999916
-3201.415039,-4.349999905,-18.47999954
-3144.041992,-4.269999981,-18.90999985
-3080.076904,-4.28000021,-19.54000092
-3013.915039,-4.269999981,-20.03000069
-2953.612061,-4.309999943,-20.14999962
-2885.49707,-4.309999943,-21.18000031
-2837.156982,-4.269999981,-21.36000061
-2772.947998,-4.320000172,-21.44000053
-2729.735107,-4.329999924,-21.43000031
-2665.038086,-4.320000172,-21.60000038
-2595.214111,-4.28000021,-22.36000061
-2543.699951,-4.260000229,-23.01000023
-2474.120117,-4.269999981,-22.76000023
-2429.441895,-4.25,-22.87999916
-2352.050049,-4.28000021,-23.48999977
-2306.150879,-4.25,-23.28000069
-2239.745117,-4.300000191,-22.94000053
-2174.803955,-4.329999924,-22.68000031
-2129.88208,-4.309999943,-22.87000084
-2052.000977,-4.260000229,-23.69000053
-2000.975952,-4.329999924,-23.68000031
-1932.128052,-4.269999981,-23.68000031
-1881.347046,-4.269999981,-24.20000076
-1829.344971,-4.300000191,-24.31999969
-1760.740967,-4.340000153,-23.95999908
-1693.358032,-4.340000153,-23.37000084
-1625.730957,-4.340000153,-23.22999954
-1577.880005,-4.309999943,-23.62000084
-1527.098999,-4.28000021,-23.90999985
-1458.739014,-4.28000021,-23.67000008
-1385.984985,-4.28000021,-24.23999977
-1333.739014,-4.300000191,-24.05999947
-1287.353027,-4.349999905,-23.64999962
-1224.119995,-4.269999981,-23.04000092
-1159.178955,-4.289999962,-22.84000015
-1085.937012,-4.269999981,-23.46999931
-1034.666992,-4.309999943,-23.76000023
-989.0130005,-4.340000153,-23.25
-920.6530151,-4.309999943,-23.70999908
-865.4780273,-4.28000021,-24.22999954
-794.4329834,-4.309999943,-23.81999969
-728.2709961,-4.28000021,-23.38999939
-681.151001,-4.28000021,-23.40999985
-610.1060181,-4.309999943,-23.75
-558.348999,-4.269999981,-24.29000092
-504.8819885,-4.329999924,-24.23999977
-431.8840027,-4.300000191,-24.71999931
-374.5109863,-4.260000229,-25.42000008
-321.0440063,-4.329999924,-25.61000061
-269.7739868,-4.260000229,-25.45999908
-193.8470001,-4.349999905,-25.68000031
-141.1119995,-4.340000153,-26
-83.98400116,-4.340000153,-26.62999916
-23.9260006,-4.340000153,-26.44000053
40.03900146,-4.269999981,-22.19000053
92.28500366,-4.210000038,-17.01000023
151.1230011,-3.150000095,-7.590000153
210.4490051,2.480000019,-1.74000001
271.7290039,3.339999914,-3.829999924
331.2990112,4.039999962,-4.849999905
392.0899963,4.760000229,-5.409999847
454.3460083,5.650000095,-5.510000229
512.2069702,6.670000076,-4.880000114
574.7069702,7.960000038,-4.630000114
634.03302,8.970000267,-5.570000172
690.1859741,9.680000305,-5.900000095
750.9769897,10.32999992,-7.25
823.2420044,10.73999977,-9.760000229
884.7659912,11.02000046,-11.97999954
941.1619873,11.10999966,-13.93999958
999.2680054,11.28999996,-14.94999981
1052.245972,11.28999996,-15.89999962
1116.942993,11.34000015,-17.95000076
1187.011963,11.35999966,-19
1230.957031,11.34000015,-19.60000038
1298.339966,11.43000031,-20.43000031
1368.16394,11.39000034,-21.06999969
1415.282959,11.31000042,-21.73999977
1489.014038,11.31999969,-22.19000053
1532.227051,11.27000046,-22
1604.248047,11.28999996,-22.95000076
1656.494019,11.21000004,-23.64999962
1733.397949,11.15999985,-23.89999962
1781.982056,11.14000034,-24.20000076
1832.764038,11.18999958,-24.37999916
1915.526978,11.09000015,-25.65999985
1978.76001,11.10000038,-26.52000046
2036.376953,11.01000023,-26.61000061
2093.018066,11.05000019,-27.45999908
2158.936035,10.97999954,-28.46999931
2190.917969,11.01000023,-28.78000069
2251.465088,10.94999981,-28.86000061
2311.768066,10.86999989,-29.15999985
2374.756104,10.75,-29.87999916
2444.823975,10.76000023,-31.28000069
2517.333984,10.59000015,-31.60000038
2585.205078,10.5,-32.70000076
2624.756104,10.47999954,-33.38000107
2702.393066,10.43999958,-33.86000061
2737.061035,10.31999969,-33.90000153
2805.907959,10.23999977,-34.11000061
2879.149902,10.10999966,-35.15999985
2920.897949,10.05000019,-35.70999908
3000.731934,9.949999809,-35.90000153
3035.64502,9.890000343,-36.25
3123.534912,9.680000305,-37.93000031
3166.503906,9.640000343,-37.97000122
3243.164063,9.510000229,-37.99000168
3281.006104,9.470000267,-38.16999817
3359.375,9.289999962,-38.59000015
3401.611084,9.239999771,-39.15000153
3489.258057,9.050000191,-39.40999985
3527.587891,9.010000229,-39.34000015
3604.97998,8.920000076,-39.22999954
3643.554932,8.840000153,-38.79999924
3709.4729,8.630000114,-37.52999878
3777.343994,8.56000042,-37.18999863
3812.743896,8.460000038,-37.04000092
3879.149902,8.409999847,-35.81000137
3940.917969,8.199999809,-35.27000046
4007.080078,8.130000114,-34.43999863
4065.917969,7.980000019,-33.63999939
4117.432129,7.949999809,-30.81999969
4100.341797,7.5,-8.319999695
4110.839844,7.190000057,-6.829999924
4107.178223,6.860000134,-1.99000001
4110.106934,6.21999979,-1.480000019
4109.130859,6.070000172,-0.839999974
4110.596191,-1.850000024,-2.630000114
4171.875,4.289999962,-1.279999971
4230.225098,4.550000191,-3.839999914
4291.503906,4.630000114,-5.460000038
4358.397949,4.650000095,-6.869999886
4419.434082,4.650000095,-8.460000038
4476.562988,4.590000153,-9.850000381
4532.958984,4.650000095,-10.30000019
4595.703125,4.659999847,-11.47000027
4662.354004,4.75,-13.10000038
4724.608887,4.760000229,-13.93999958
4774.169922,4.75,-14.88000011
4848.876953,4.71999979,-16.35000038
4893.065918,4.769999981,-17.54999924
4968.018066,4.820000172,-19.70999908
5013.916016,4.809999943,-20.01000023
5088.378906,4.829999924,-21.73999977
5146.973145,4.809999943,-23.12999916
5201.416016,4.71999979,-23.80999947
5255.615234,4.71999979,-24.40999985
5310.791016,4.710000038,-25.13999939
5370.117188,4.760000229,-26.22999954
5437.012207,4.690000057,-27.81999969
5502.930176,4.710000038,-28.01000023
5555.664063,4.659999847,-28.09000015
5612.305176,4.610000134,-27.67000008
5674.315918,4.679999828,-24.34000015
5669.921875,7.940000057,-2
5670.166016,15.82999992,-0.649999976
5731.934082,17.92000008,-2.579999924
5791.503906,23.03000069,-2.630000114
5851.317871,28.29999924,-3.059999943
5913.817871,32.66999817,-4.480000019
5971.923828,32.72000122,-5.309999943
6032.958984,32.72000122,-5.269999981
6093.75,32.72000122,-5.230000019
6151.123047,32.72000122,-4.900000095
6210.449219,32.72000122,-2.569999933
6209.473145,32.72000122,0.689999998
6148.925781,32.72000122,1.200000048
6088.378906,32.72000122,1
6028.319824,32.72000122,1.080000043
5969.237793,32.72000122,1.730000019
5970.214844,21.29000092,-0.409999996
6030.028809,30.87999916,-0.560000002
6029.785156,32.72000122,0.529999971
5968.75,32.72000122,1.080000043
5909.180176,23.93000031,1.090000033
5849.854004,12.27999973,0.939999998
5789.794922,7.260000229,2.690000057
5727.539063,5.699999809,5.110000134
5669.921875,-0.209999993,1.389999986
5603.270996,-2.410000086,4.539999962
5541.259766,-3.339999914,6.559999943
5485.106934,-4.050000191,8.029999733
5429.932129,-4.519999981,9.649999619
5366.455078,-5.010000229,10.60999966
5309.082031,-5.550000191,10.97000027
5248.778809,-6,11.44999981
5189.696777,-6.389999866,11.52000046
5125.977051,-6.760000229,12.09000015
5060.546875,-7.019999981,12.39999962
5006.835938,-7.349999905,11.53999996
4945.557129,-7.659999847,10.98999977
4882.324219,-7.920000076,10.78999996
4827.880859,-8.229999542,9.909999847
4768.065918,-8.43999958,9.119999886
4705.565918,-8.760000229,7.579999924
4646.483887,-9.029999733,5.489999771
4651.367188,-9.779999733,-1.019999981
4647.216797,-9.859999657,-0.01
4653.076172,-9.699999809,-1.110000014
4648.925781,-9.5,0.25999999
4651.367188,-9.43999958,-0.189999998
4648.925781,-9.109999657,0.649999976
4589.600098,-9.029999733,2.579999924
4528.076172,-8.909999847,4.940000057
4464.35498,-8.75,6.880000114
4401.85498,-8.680000305,9.590000153
4342.041016,-8.710000038,11.27999973
4283.690918,-8.670000076,12.40999985
4222.655762,-8.619999886,13.36999989
4154.296875,-8.56000042,14.89000034
4095.215088,-8.579999924,16.42000008
4034.667969,-8.550000191,17.51000023
3988.77002,-8.569999695,18.37999916
3917.47998,-8.550000191,19.80999947
3855.957031,-8.579999924,19.61000061
3804.443115,-8.630000114,18.81999969
3734.863037,-8.600000381,18.56999969
3676.024902,-8.680000305,19.09000015
3610.106934,-8.729999542,19.87999916
3566.406006,-8.720000267,20
3509.520996,-8.779999733,19.51000023
3439.452881,-8.779999733,19.07999992
3380.371094,-8.850000381,19.14999962
3325.684082,-8.909999847,18.73999977
3259.2771,-9,18.07999992
3208.73999,-8.979999542,17.82999992
3134.520996,-9.039999962,18.26000023
3075.195068,-9.090000153,18.61000061
3021.729004,-9.149999619,18.38999939
2969.238037,-9.149999619,18.21999931
2903.075928,-9.149999619,19.87999916
2823.241943,-9.130000114,21.69000053
2766.845947,-9.18999958,22.95000076
2710.937988,-9.199999809,23.69000053
2656.493896,-9.140000343,24.54999924
2595.458984,-9.140000343,25.79000092
2537.354004,-9.130000114,25.88999939
2489.013916,-9.130000114,25.45999908
2411.86499,-9.100000381,25.77000046
2360.595947,-9.109999657,25.40999985
2286.621094,-9.100000381,25.61000061
2229.97998,-9.119999886,26.13999939
2170.409912,-9.109999657,27.15999985
2103.270996,-9.039999962,28.54999924
2068.604004,-9.039999962,28.87000084
2005.859009,-9.050000191,29.30999947
1942.383057,-9.069999695,29.81999969
1880.61499,-9.090000153,29.52000046
1825.927979,-9.050000191,29.10000038
1744.140991,-9.06000042,28.70999908
1687.744019,-9.029999733,28.75
1624.755981,-9.039999962,29.94000053
1588.13501,-9.039999962,30.45000076
1520.751953,-9.020000458,30.5
1458.73999,-9.050000191,31.37999916
1385.985962,-9.029999733,31.71999931
1323.485962,-8.979999542,31.25
1267.089966,-8.989999771,30.73999977
1210.937988,-8.989999771,30.07999992
1156.005981,-8.989999771,30.27000046
1087.645996,-8.989999771,31.37000084
1018.310974,-8.989999771,31.38999939
987.3049927,-8.970000267,31.63999939
911.8649902,-9.020000458,33.5
869.3850098,-8.960000038,34.02999878
791.9920044,-9,34.99000168
711.4260254,-8.989999771,35.90000153
671.6309814,-9,36.75
626.7089844,-9.010000229,37.61999893
540.5269775,-8.960000038,37.84999847
502.9299927,-9.010000229,38.00999832
422.3630066,-8.989999771,38.54999924
381.3479919,-9,38.34999847
308.3500061,-8.949999809,38.29999924
269.0429993,-9,38.41999817
187.7440033,-8.989999771,39.72000122
138.6719971,-8.970000267,41.13000107
83.98400116,-9,42.00999832
-17.57799911,-8.949999809,44.16999817
-74.21900177,-8.960000038,45.33000183
-130.6139984,-8.970000267,45.88999939
-181.8840027,-8.949999809,46.38000107
-232.9089966,-9.020000458,46.75
-283.2019958,-8.979999542,47.38999939
-336.6690063,-8.93999958,48.22000122
-392.8210144,-9.020000458,49.18999863
-451.4150085,-8.949999809,49.49000168
-553.2219849,-8.949999809,50.02999878
-608.3969727,-8.970000267,50.08000183
-658.9349976,-8.949999809,49.93999863
-707.5189819,-9.020000458,49.79999924
-755.8579712,-8.93999958,49.77999878
-858.6420288,-8.979999542,51.02999878
-918.4559937,-9.010000229,51.49000168
-974.3640137,-8.970000267,51.97000122
-1031.005005,-8.979999542,53.02000046
-1093.993042,-8.949999809,53.81999969
-1155.516968,-9,54.40999985
-1215.574951,-8.960000038,55.45999908
-1281.005005,-8.949999809,56.40000153
-1346.435059,-8.960000038,57.79000092
-1417.479004,-8.989999771,58.75999832
-1485.594971,-9.020000458,59.00999832
-1546.874023,-8.949999809,60.08000183
-1617.187012,-8.949999809,60.41999817
-1680.906982,-8.979999542,60.83000183
-1745.604004,-8.989999771,61.43999863
-1812.743042,-8.970000267,62.88000107
-1889.402954,-9.010000229,64.23000336
-1966.796021,-8.979999542,65.01999664
-2039.30603,-8.960000038,65.86000061
-2113.280029,-8.930000305,66.30999756
-2183.836914,-8.979999542,66.51999664
-2252.196045,-8.970000267,66.90000153
-2322.75293,-8.930000305,68.36000061
-2405.028076,-8.989999771,69.79000092
-2488.523926,-9,70.59999847
-2566.648926,-8.979999542,72.08000183
-2653.074951,-8.93999958,72.69999695
-2731.687988,-9,73.62999725
-2814.208008,-8.960000038,75.05999756
-2902.831055,-8.949999809,76.66999817
-2995.115967,-8.970000267,77.73999786
-3083.00708,-8.960000038,78.73999786
-3171.385986,-8.979999542,79.01999664
-3252.928955,-8.949999809,79.58999634
-3337.889893,-8.93999958,81.34999847
